Workbook

Sheet D.P
E8: Fès, le 15/09/2025
A9: Avis d’achat sur bon de commande n° 54/2025/ESTF
A10: Le Directeur de l’Ecole Supérieure de Technologie de Fès procède à l’achat sur bon de commande des prestations objet du présent avis, en application des dispositions de l’article 91 du décret n °2-22-431 relatif aux marchés publics.
A12: Objet de la prestation : Achat de petit outillage pour le département ''GESI''.
A13: Consistance de la prestation :
A14: Art N° | B14: Qté | C14: Unité | D14: Désignation | E14: P.U H.T | F14: P.T H.T | G14: OBSERVATION
A15: 1 | B15: 1 | C15: Unité | D15: Radiocommande AT10II 12 canaux Transmetteur et récepteur RC 2.4G R12DS & PRM-01
A16: 2 | B16: 10 | C16: Unité | D16: CAN-BUS Shield V2 adopts MCP2515 and MCP2551
A17: 3 | B17: 2 | C17: Unité | D17: Contrôleur de vol G4-N V1,7 FETtec FC G4 N (V1.7)
A18: 4 | B18: 5 | C18: Unité | D18: Robot Voiture 4WD ESP32
A19: 5 | B19: 10 | C19: Unité | D19: Robot Voiture 2WD
A20: 6 | B20: 5 | C20: Unité | D20: Bras robotisé 6 DOF en Aluminium 6 servos
A21: 7 | B21: 5 | C21: Unité | D21: STM32F429 Discovery kit (32F429IDISCOVERY) includes a 2.4 QVGA TFT LCD, an external 64-Mbit SDRAM
A22: 8 | B22: 10 | C22: Unité | D22: Carte Arduino UNO R3 originale avec câble ou son équivalent
A23: 9 | B23: 2 | C23: Unité | D23: Châssis pour Drone F450
A24: 10 | B24: 8 | C24: Unité | D24: Carte de développement SX1278 868 MHZ
A25: 11 | B25: 8 | C25: Unité | D25: Raspberry Pi Zero W Wifi et Bluetooth
A26: 12 | B26: 8 | C26: Unité | D26: Module Caméra ESP32-CAM avec antenne interne + Programmateur ESP32-CAM-MB + Câble USB Type Micro-B
... A78: 64 | B78: 12 | C78: Unité | D78: Sectionneurs fusibles tétrapolaire
A79: N.B :
A80: · Les plis des concurrents sont déposés par voie élèctronique sur le portail des marchés publics accessible à l'adresse : www.marchespublics.gov.ma
A81: · Date et heure limites de réception des devis des concurrents : 17/09/2025 à 10h30.
A82: · Lieu de livraison : Fès - Ecole Supérieure de Technologie de Fès .
A83: · La livraison doit etre globale et à la charge du fournisseur, elle doit se faire à l’EST de Fès .
A84: · Délai d’exécution et de livraison de la prestation est : 30 jours après attribution du bon de commande.
A85: · L es articles livrés doivent absolument répondre aux spécifications exigées .
A86: · En cas d’inconformité par rapport aux spécifications exigées, les articles concernés ne seront pas réceptionnés.
A87: · Le règlement des prestations objet du présent avis sera effectué après réception de la facture, laquelle ne sera liquidée qu’après son approbation par l’Administration et la livraison de l'ensemble des articles du bon de commande.

Sheet B.R
D8: Fès, le 19/12/2025
A9: BON DE RECEPTION
B10: Renseignements concernant le concurrent :
B11: - Dénomination ou identité : GENIE INGENIERIE - Tél : 0606634810
B12: - Email : genieingenierie@gmail.com - RIB : 225270016807224651010170
B13: - Adresse : Bureau al madina 3 rue assila N53 atlas FES
B14: - Numéro de la taxe professionnelle ou son équivalent : 52023750
B15: - Numéro d'affiliation à la CNSS ou son équivalent : 5207833
B16: - Numéro de l’Identifiant Commun des Entreprises ou son équivalent : 001806419000033
B17: Renseignements concernant l'achat :
B18: Réference : 03/INV/2024/ESTF
B19: Maître d'ouvrage : ECOLE SUPERIEURE DE TECHNOLOGIE FES
B20: Objet de la prestation : ETUDES ET SUIVI RELATIFS A L' ACHAT DE MOBILIER D'ENSEIGNEMENT AU PROFIT DE
B21: DE L'ECOLE SUPERIEURE DE TECHNOLOGIE DE FES
B22: Consistance de la prestation :
A24: N° | B24: DESIGNATIONS | C24: QTE | D24: OBSERVATIONS
A25: =D.P!A15 -> 1 | B25: =D.P!D15 -> Radiocommande AT10II 12 canaux Transmetteur et récepteur RC 2.4G R12DS & PRM-01 | C25: =D.P!B15 -> 1
A26: =D.P!A16 -> 2 | B26: =D.P!D16 -> CAN-BUS Shield V2 adopts MCP2515 and MCP2551 | C26: =D.P!B16 -> 10
A27: =D.P!A17 -> 3 | B27: =D.P!D17 -> Contrôleur de vol G4-N V1,7 FETtec FC G4 N (V1.7) | C27: =D.P!B17 -> 2
A28: =D.P!A18 -> 4 | B28: =D.P!D18 -> Robot Voiture 4WD ESP32 | C28: =D.P!B18 -> 5
A29: =D.P!A19 -> 5 | B29: =D.P!D19 -> Robot Voiture 2WD | C29: =D.P!B19 -> 10
A30: =D.P!A20 -> 6 | B30: =D.P!D20 -> Bras robotisé 6 DOF en Aluminium 6 servos | C30: =D.P!B20 -> 5
A31: =D.P!A21 -> 7 | B31: =D.P!D21 -> STM32F429 Discovery kit (32F429IDISCOVERY) includes a 2.4 QVGA TFT LCD, an external 64-Mbit SDRAM | C31: =D.P!B21 -> 5
A32: =D.P!A22 -> 8 | B32: =D.P!D22 -> Carte Arduino UNO R3 originale avec câble ou son équivalent | C32: =D.P!B22 -> 10
A33: =D.P!A23 -> 9 | B33: =D.P!D23 -> Châssis pour Drone F450 | C33: =D.P!B23 -> 2
A34: =D.P!A24 -> 10 | B34: =D.P!D24 -> Carte de développement SX1278 868 MHZ | C34: =D.P!B24 -> 8
A35: =D.P!A25 -> 11 | B35: =D.P!D25 -> Raspberry Pi Zero W Wifi et Bluetooth | C35: =D.P!B25 -> 8
A36: =D.P!A26 -> 12 | B36: =D.P!D26 -> Module Caméra ESP32-CAM avec antenne interne + Programmateur ESP32-CAM-MB + Câble USB Type Micro-B | C36: =D.P!B26 -> 8
... A88: =D.P!A78 -> 64 | B88: =D.P!D78 -> Sectionneurs fusibles tétrapolaire | C88: =D.P!B78 -> 12
